,C_LAT,C_LONG,TYPE,LINK
0,-12.081203,-76.925824,School,776
1,-12.070522,-76.911125,School,777
2,-12.079346,-76.925444,School,778
3,-12.075907,-76.961789,School,779
4,-12.068376,-76.968344,School,780
5,-12.076315,-76.971653,School,781
6,-12.055312,-77.041668,School,782
7,-12.026728,-77.07488,School,783
8,-12.127503,-77.009278,School,784
9,-11.874682,-77.125063,School,785
10,-12.182649,-76.944791,School,786
11,-12.17996,-76.94041,School,787
12,-12.205629,-76.953837,School,788
13,-11.956939,-77.068627,School,789
14,-11.868345,-77.074541,School,790
15,-11.890939,-77.126342,School,791
16,-12.157538,-76.964186,School,792
17,-12.159761,-76.958842,School,793
18,-12.179988,-76.941772,School,794
19,-12.143662,-76.972405,School,795
20,-12.129871,-76.975077,School,796
21,-12.121049,-76.974543,School,797
22,-12.166426,-76.952503,School,798
23,-12.094244,-76.967572,School,799
24,-12.07224,-77.16752,School,800
25,-12.008339,-77.004834,School,801
26,-11.970578,-76.995041,School,802
27,-11.969948,-76.994577,School,803
28,-11.978144,-76.991533,School,804
29,-12.01772,-77.000748,School,805
30,-12.020263,-76.999845,School,806
31,-12.039927,-76.996942,School,807
32,-12.045415,-76.998854,School,808
33,-12.092526,-77.073822,School,809
34,-12.082782,-77.085036,School,810
35,-12.08789,-77.08197,School,811
36,-12.087606,-77.089347,School,812
37,-12.075715,-77.118373,School,813
38,-12.072098,-77.125015,School,814
39,-12.071115,-77.126587,School,815
40,-11.98054,-77.07158,School,816
41,-12.003017,-77.054901,School,817
42,-12.017677,-77.056052,School,818
43,-12.083012,-77.039526,School,819
44,-12.048297,-77.045145,School,820
45,-12.042657,-76.977526,School,821
46,-12.048366,-76.977314,School,822
47,-12.032034,-77.073088,School,823
48,-12.030729,-77.085514,School,824
49,-12.000142,-77.084253,School,825
50,-11.985487,-77.073643,School,826
51,-11.985296,-77.065427,School,827
52,-11.97646,-77.07318,School,828
53,-11.96915,-77.07226,School,829
54,-11.965919,-77.073433,School,830
55,-12.05183,-77.070938,School,831
56,-12.06134,-77.06668,School,832
57,-12.06663,-77.067522,School,833
58,-12.067015,-77.054213,School,834
59,-12.155363,-76.976762,School,835
60,-12.155823,-76.975615,School,836
61,-12.158867,-76.971593,School,837
62,-12.181842,-76.962396,School,838
63,-12.185918,-76.960073,School,839
64,-12.203698,-76.953669,School,840
65,-12.213851,-76.948704,School,841
66,-12.206406,-76.947762,School,842
67,-12.199599,-76.951738,School,843
68,-12.195055,-76.952854,School,844
69,-12.195289,-76.958068,School,845
70,-12.170991,-76.968228,School,846
71,-12.084437,-77.026273,School,847
72,-12.099122,-77.026678,School,848
73,-12.066902,-77.060534,School,849
74,-12.02112,-76.959054,School,850
75,-12.065001,-77.037772,School,851
76,-12.072322,-77.036397,School,852
77,-12.081338,-77.022008,School,853
78,-12.085331,-77.021211,School,854
79,-12.085204,-77.031307,School,855
80,-12.073832,-76.951426,School,856
81,-12.021364,-77.051048,School,857
82,-11.965225,-77.055911,School,858
83,-11.953371,-77.051934,School,859
84,-11.953001,-77.050627,School,860
85,-11.91654,-77.040764,School,861
86,-11.878721,-77.025238,School,862
87,-12.058411,-77.048372,School,863
88,-12.100428,-76.792111,School,864
89,-12.080486,-77.074941,School,865
90,-12.095647,-77.072977,School,866
91,-12.092029,-77.079778,School,867
92,-12.082576,-77.078465,School,868
93,-12.084633,-77.075129,School,869
94,-12.08287,-77.07416,School,870
95,-12.065945,-77.097474,School,871
96,-12.038916,-77.090541,School,872
97,-11.944076,-77.088512,School,873
98,-12.029107,-77.044535,School,874
99,-12.030774,-77.046155,School,875
100,-12.032709,-76.956731,School,876
101,-12.047201,-76.9705,School,877
102,-12.177929,-76.939482,School,878
103,-12.089006,-77.05387,School,879
104,-12.080255,-77.074446,School,880
105,-12.111074,-77.02906,School,881
106,-12.049739,-77.050731,School,882
107,-12.05999,-77.054519,School,883
108,-12.040712,-77.043581,School,884
109,-12.084465,-77.019743,School,885
110,-12.034426,-77.094319,School,886
111,-12.06165,-77.042991,School,887
112,-11.977471,-77.080736,School,888
113,-11.98792,-77.09791,School,889
114,-12.02231,-77.010869,School,890
115,-11.989607,-77.015111,School,891
116,-11.969861,-77.005269,School,892
117,-11.960123,-76.98429,School,893
118,-11.965958,-76.987623,School,894
119,-11.984296,-76.993895,School,895
120,-11.98254,-77.011188,School,896
121,-12.06848,-77.006375,School,897
122,-12.077832,-76.998357,School,898
123,-12.031466,-77.037872,School,899
124,-12.034827,-77.030163,School,900
125,-11.934701,-77.055897,School,901
126,-11.93155,-77.05637,School,902
127,-11.920773,-77.042238,School,903
128,-11.906851,-77.035525,School,904
129,-11.901515,-77.039319,School,905
130,-11.895716,-77.037649,School,906
131,-12.211564,-76.909278,School,907
132,-11.928847,-77.05568,School,908
133,-11.934173,-77.061475,School,909
134,-12.005932,-77.050377,School,910
135,-12.005381,-77.050995,School,911
136,-12.003444,-77.052764,School,912
137,-12.001284,-77.053214,School,913
138,-11.992794,-77.051493,School,914
139,-11.94213,-77.03128,School,915
140,-11.925402,-77.038905,School,916
141,-11.929695,-77.056764,School,917
142,-11.93354,-77.05948,School,918
143,-11.935927,-77.058738,School,919
144,-11.938512,-77.061651,School,920
145,-11.945133,-77.063438,School,921
146,-11.912966,-77.052229,School,922
147,-11.924377,-77.052771,School,923
148,-11.929952,-77.049683,School,924
149,-11.952045,-77.050838,School,925
150,-11.95103,-77.063056,School,926
151,-11.94674,-77.061696,School,927
152,-11.938975,-77.052862,School,928
153,-11.93358,-77.05831,School,929
154,-12.163002,-76.944803,School,930
155,-12.16591,-76.95567,School,931
156,-12.123938,-77.013244,School,932
157,-12.127316,-77.012293,School,933
158,-12.129203,-77.009677,School,934
159,-12.144261,-76.997371,School,935
160,-12.147725,-76.975402,School,936
161,-12.136941,-76.964118,School,937
162,-12.137149,-76.963823,School,938
163,-12.160676,-76.967144,School,939
164,-12.163528,-76.961013,School,940
165,-12.187165,-76.959251,School,941
166,-12.216562,-76.9415,School,942
167,-12.21977,-76.93971,School,943
168,-12.229353,-76.933844,School,944
169,-11.92249,-77.060395,School,945
170,-11.925654,-77.045559,School,946
171,-12.15452,-77.019627,School,947
172,-12.160983,-77.023667,School,948
173,-12.188766,-77.012898,School,949
174,-12.206382,-77.017518,School,950
175,-12.204741,-77.011163,School,951
176,-12.16692,-77.02396,School,952
177,-12.18972,-76.93063,School,953
178,-12.188165,-76.929481,School,954
179,-12.021349,-76.881441,School,955
180,-12.112695,-77.016078,School,956
181,-12.090744,-77.020813,School,957
182,-12.022926,-77.076156,School,958
183,-12.135249,-76.963723,School,959
184,-12.159521,-77.0232,School,960
185,-11.878889,-77.01855,School,961
186,-11.874007,-77.016208,School,962
187,-11.881087,-77.021474,School,963
188,-11.887183,-77.024493,School,964
189,-11.886283,-77.025771,School,965
190,-11.883058,-77.030474,School,966
191,-11.883535,-77.030705,School,967
192,-11.96904,-77.059104,School,968
193,-11.942344,-77.059938,School,969
194,-11.880133,-77.032158,School,970
195,-11.893206,-77.039498,School,971
196,-11.895373,-77.043114,School,972
197,-11.900977,-77.040898,School,973
198,-11.97034,-77.00047,School,974
199,-11.964829,-77.004199,School,975
200,-11.958828,-76.994677,School,976
201,-12.08577,-77.049013,School,977
202,-12.158884,-76.973141,School,978
203,-12.024816,-76.997187,School,979
204,-11.94653,-77.08666,School,980
205,-12.190165,-77.010519,School,981
206,-12.068008,-77.054483,School,982
207,-12.10592,-77.004881,School,983
208,-12.107936,-76.981462,School,984
209,-12.10909,-76.995886,School,985
210,-12.02168,-77.02567,School,986
211,-11.951434,-77.050463,School,987
212,-12.0552,-77.09106,School,988
213,-12.054538,-77.095379,School,989
214,-12.057092,-77.09311,School,990
215,-12.038497,-77.027548,School,991
216,-12.03631,-77.023822,School,992
217,-12.03682,-77.026952,School,993
218,-12.045887,-77.021802,School,994
219,-12.196312,-76.95007,School,995
220,-12.06864,-77.0573,School,996
221,-12.07713,-77.045673,School,997
222,-12.097056,-76.966084,School,998
223,-12.081789,-77.041425,School,999
224,-12.065024,-77.094228,School,1000
225,-12.075001,-77.035686,School,1001
226,-12.09027,-77.00249,School,1002
227,-12.09223,-76.99644,School,1003
228,-12.10037,-77.001572,School,1004
229,-12.069758,-77.023748,School,1005
230,-12.070372,-77.021661,School,1006
231,-12.082556,-77.008043,School,1007
232,-12.080646,-77.003819,School,1008
233,-12.076389,-76.995247,School,1009
234,-12.064723,-77.036153,School,1010
235,-12.150872,-76.97387,School,1011
236,-12.150127,-76.977783,School,1012
237,-12.156934,-76.963851,School,1013
238,-12.166435,-76.973951,School,1014
239,-12.074387,-76.97283,School,1015
240,-12.072172,-77.075689,School,1016
241,-12.074992,-77.078367,School,1017
242,-12.08387,-77.07108,School,1018
243,-12.12352,-77.014875,School,1019
244,-12.113945,-77.038818,School,1020
245,-12.098348,-77.029787,School,1021
246,-12.115244,-77.040569,School,1022
247,-12.069261,-77.031403,School,1023
248,-12.096866,-77.038584,School,1024
249,-12.049355,-77.024855,School,1025
250,-12.12481,-77.018023,School,1026
251,-12.087413,-77.033867,School,1027
252,-12.121873,-77.039939,School,1028
253,-11.997498,-77.117426,School,1029
254,-11.882719,-77.024809,School,1030
255,-11.886919,-77.022763,School,1031
256,-11.949037,-76.980666,School,1032
257,-11.940297,-76.97763,School,1033
258,-11.937277,-76.972724,School,1034
259,-12.0608,-77.1246,School,1035
260,-12.064547,-77.119112,School,1036
261,-12.030712,-76.997235,School,1037
262,-12.023873,-76.999449,School,1038
263,-12.003299,-77.005361,School,1039
264,-11.988505,-77.017039,School,1040
265,-11.981746,-77.018569,School,1041
266,-11.978014,-77.01823,School,1042
267,-11.973393,-77.013507,School,1043
268,-11.971804,-77.009161,School,1044
269,-11.971523,-77.001882,School,1045
270,-11.953274,-77.005485,School,1046
271,-11.955545,-76.980744,School,1047
272,-11.940469,-76.965783,School,1048
273,-11.948389,-76.975544,School,1049
274,-11.965173,-76.97662,School,1050
275,-11.989312,-77.006124,School,1051
276,-11.988204,-77.003247,School,1052
277,-11.993651,-77.00184,School,1053
278,-12.003693,-76.996575,School,1054
279,-12.034329,-77.005967,School,1055
280,-12.043127,-77.111445,School,1056
281,-12.042946,-77.102631,School,1057
282,-12.043575,-77.099179,School,1058
283,-12.033888,-77.098308,School,1059
284,-12.023751,-77.089197,School,1060
285,-12.020231,-77.091706,School,1061
286,-11.979169,-77.054337,School,1062
287,-12.073353,-76.998746,School,1063
288,-12.071095,-76.997056,School,1064
289,-12.025634,-77.066303,School,1065
290,-12.027821,-77.066922,School,1066
291,-11.955742,-77.083455,School,1067
292,-11.978844,-77.074637,School,1068
293,-11.994205,-77.054468,School,1069
294,-12.056117,-77.129144,School,1070
295,-12.055957,-77.128613,School,1071
296,-12.050328,-77.103858,School,1072
297,-12.014607,-77.091084,School,1073
298,-11.869507,-77.011529,School,1074
299,-11.990396,-77.045918,School,1075
300,-11.990551,-77.049635,School,1076
301,-11.982951,-77.053792,School,1077
302,-12.078977,-77.007338,School,1078
303,-12.060582,-77.110215,School,1079
304,-12.017051,-77.090428,School,1080
305,-11.94781,-76.989442,School,1081
306,-11.943998,-76.991448,School,1082
307,-11.942684,-76.976815,School,1083
308,-12.073238,-77.087051,School,1084
309,-12.054716,-77.014924,School,1085
310,-12.05139,-77.017278,School,1086
311,-12.056188,-77.042761,School,1087
312,-12.056269,-77.043605,School,1088
313,-12.056395,-77.044906,School,1089
314,-12.050873,-77.043284,School,1090
315,-12.046299,-77.040552,School,1091
316,-11.958562,-76.999794,School,1092
317,-11.958199,-77.004927,School,1093
318,-11.859801,-77.124169,School,1094
319,-11.859298,-77.124069,School,1095
320,-11.857717,-77.124716,School,1096
321,-11.859442,-77.125971,School,1097
322,-11.859337,-77.126338,School,1098
323,-11.859664,-77.126618,School,1099
324,-11.860936,-77.127731,School,1100
325,-11.857796,-77.126565,School,1101
326,-11.856696,-77.121314,School,1102
327,-11.856464,-77.119751,School,1103
328,-11.85314,-77.119291,School,1104
329,-11.85161,-77.119542,School,1105
330,-11.849889,-77.118286,School,1106
331,-11.850373,-77.121504,School,1107
332,-11.850532,-77.125761,School,1108
333,-11.851678,-77.124949,School,1109
334,-11.852998,-77.126459,School,1110
335,-11.85364,-77.126481,School,1111
336,-11.855606,-77.127466,School,1112
337,-11.85484,-77.12339,School,1113
338,-11.973889,-76.939144,School,1114
339,-12.022645,-76.985844,School,1115
340,-12.024797,-76.986969,School,1116
341,-12.024241,-76.984738,School,1117
342,-12.05473,-77.112336,School,1118
343,-12.074727,-77.042225,School,1119
344,-12.07974,-77.043805,School,1120
345,-12.071503,-77.060111,School,1121
346,-12.071763,-77.07254,School,1122
347,-12.071788,-77.072415,School,1123
348,-12.077359,-77.033188,School,1124
349,-12.078568,-77.034027,School,1125
350,-12.113868,-77.029595,School,1126
351,-12.08091,-77.103915,School,1127
352,-12.07299,-77.121717,School,1128
353,-12.071445,-77.122864,School,1129
354,-12.06914,-77.121475,School,1130
355,-12.090657,-77.057198,School,1131
356,-12.088745,-77.056457,School,1132
357,-12.079301,-77.047234,School,1133
358,-11.988698,-76.817957,School,1134
359,-11.972289,-76.756409,School,1135
360,-11.958671,-76.734932,School,1136
361,-11.947174,-76.716429,School,1137
362,-11.936658,-76.697759,School,1138
363,-12.091497,-77.013592,School,1139
364,-12.090899,-77.033358,School,1140
365,-12.096047,-77.012671,School,1141
366,-12.080009,-76.986475,School,1142
367,-12.048466,-76.937324,School,1143
368,-12.141308,-77.020827,School,1144
369,-12.138702,-77.021907,School,1145
370,-12.136674,-77.021392,School,1146
371,-12.114796,-77.026464,School,1147
372,-12.112426,-77.024914,School,1148
373,-12.135568,-76.997938,School,1149
374,-12.137872,-76.997035,School,1150
375,-12.128442,-77.002961,School,1151
376,-12.042874,-77.032552,School,1152
377,-12.079082,-77.019437,School,1153
378,-12.0735,-77.013151,School,1154
379,-12.073075,-77.012184,School,1155
380,-11.878843,-77.131745,School,1156
381,-11.886132,-77.132599,School,1157
382,-11.88623,-77.127401,School,1158
383,-11.839665,-77.106425,School,1159
384,-11.841955,-77.110142,School,1160
385,-11.83945,-77.110394,School,1161
386,-12.019149,-77.035819,School,1162
387,-12.146376,-77.007998,School,1163
388,-12.142756,-77.016494,School,1164
389,-12.145975,-77.006425,School,1165
390,-12.142953,-77.005252,School,1166
391,-12.155293,-76.976927,School,1167
392,-12.160173,-76.974634,School,1168
393,-12.160461,-76.975832,School,1169
394,-12.158468,-77.023068,School,1170
395,-12.034897,-77.04904,School,1171
396,-12.03304,-77.053667,School,1172
397,-12.004654,-77.083217,School,1173
398,-12.015867,-77.077806,School,1174
399,-12.027815,-77.075806,School,1175
400,-12.031146,-77.077005,School,1176
401,-11.991853,-77.071732,School,1177
402,-11.993609,-77.077006,School,1178
403,-11.994675,-77.073157,School,1179
404,-12.112499,-77.009065,School,1180
405,-12.110758,-76.979106,School,1181
406,-12.122538,-76.999885,School,1182
407,-12.124281,-77.00463,School,1183
408,-11.883698,-76.439759,School,1184
409,-11.841207,-76.378667,School,1185
410,-11.844431,-76.385923,School,1186
411,-11.845136,-76.386961,School,1187
412,-11.846329,-76.386575,School,1188
413,-11.84329,-76.38228,School,1189
414,-11.843203,-76.383834,School,1190
415,-11.923575,-76.664379,School,1191
416,-11.927428,-76.66353,School,1192
417,-12.044853,-76.964967,School,1193
418,-12.078336,-77.061383,School,1194
419,-11.908444,-77.033723,School,1195
420,-12.074064,-77.163166,School,1196
421,-12.18787,-76.866781,School,1197
422,-12.085675,-77.001756,School,1198
423,-12.117444,-76.979061,School,1199
424,-12.120946,-76.976669,School,1200
425,-12.124356,-76.9737,School,1201
426,-12.109887,-76.967943,School,1202
427,-12.110251,-76.97011,School,1203
428,-12.096146,-76.965315,School,1204
429,-12.076051,-76.959325,School,1205
430,-12.066973,-76.946165,School,1206
431,-12.063462,-76.938376,School,1207
432,-12.061317,-77.129233,School,1208
433,-12.084151,-76.928228,School,1209
434,-12.212595,-77.004202,School,1210
435,-12.082376,-77.053145,School,1211
436,-12.083835,-77.054356,School,1212
437,-12.082306,-77.05998,School,1213
438,-12.080233,-77.058366,School,1214
439,-12.068042,-77.00647,School,1215
440,-12.096576,-76.999489,School,1216
441,-12.099037,-76.979127,School,1217
442,-12.098655,-76.976849,School,1218
443,-12.098478,-76.97525,School,1219
444,-12.086771,-77.07689,School,1220
445,-12.088703,-77.082879,School,1221
446,-12.08194,-77.079599,School,1222
447,-12.082444,-77.084988,School,1223
448,-12.103787,-77.055865,School,1224
449,-12.107201,-77.054644,School,1225
450,-12.106319,-77.047462,School,1226
451,-12.103556,-77.046562,School,1227
452,-12.050284,-77.048105,School,1228
453,-12.061931,-77.090021,School,1229
454,-12.054039,-77.137402,School,1230
455,-12.064109,-77.152332,School,1231
456,-12.05598,-77.0278,School,1232
457,-12.103156,-77.026384,School,1233
458,-11.949222,-77.049157,School,1234
459,-12.028755,-76.925797,School,1235
460,-12.167505,-77.02483,School,1236
461,-12.027002,-77.07984,School,1237
462,-12.009711,-77.050071,School,1238
463,-11.986994,-77.066942,School,1239
464,-11.936162,-77.054736,School,1240
465,-12.198722,-76.945742,School,1241
466,-12.119904,-77.032029,School,1242
467,-12.082797,-77.033429,School,1243
468,-12.05362,-77.045442,School,1244
469,-12.023704,-76.886134,School,1245
470,-12.113718,-76.975249,School,1246
471,-12.051705,-77.130824,School,1247
472,-12.053093,-77.133892,School,1248
473,-12.020798,-76.956585,School,1249
474,-12.03514,-77.068847,School,1250
475,-11.965717,-77.061317,School,1251
476,-11.932195,-77.055241,School,1252
477,-11.897436,-77.049071,School,1253
478,-12.147616,-76.982961,School,1254
479,-12.492029,-76.787379,School,1255
480,-12.229159,-76.8583,School,1256
481,-12.126559,-77.015487,School,1257
482,-12.083858,-77.024894,School,1258
483,-12.078959,-76.982718,School,1259
484,-12.090898,-76.971285,School,1260
485,-12.107709,-77.035602,School,1261
486,-12.029017,-77.028267,School,1262
487,-12.15003,-76.992722,School,1263
488,-12.182422,-77.011461,School,1264
489,-12.106864,-77.007804,School,1265
490,-12.050709,-77.064775,School,1266
491,-12.103599,-77.006344,School,1267
492,-12.144946,-77.021724,School,1268
493,-12.098258,-76.973755,School,1269
494,-12.055871,-77.021867,School,1270
495,-12.025052,-77.010768,School,1271
496,-12.064911,-77.044063,School,1272
497,-12.049397,-76.978107,School,1273
498,-12.032929,-76.988666,School,1274
499,-12.017825,-76.947014,School,1275
500,-12.09086,-76.998293,School,1276
501,-12.10919,-76.985752,School,1277
502,-12.054299,-77.061065,School,1278
503,-12.05634,-77.042573,School,1279
504,-12.103235,-77.032847,School,1280
505,-12.063232,-77.044452,School,1281
506,-12.030455,-77.029706,School,1282
507,-11.995553,-77.06703,School,1283
508,-12.002217,-77.101273,School,1284
509,-12.042883,-76.997378,School,1285
510,-12.055034,-76.953898,School,1286
511,-12.05585,-76.952447,School,1287
512,-12.0653,-76.996442,School,1288
513,-12.071714,-76.99614,School,1289
514,-12.058439,-77.124223,School,1290
515,-12.076337,-77.062576,School,1291
516,-12.074943,-77.060386,School,1292
517,-12.141234,-77.024086,School,1293
518,-12.143356,-77.000047,School,1294
519,-12.129013,-77.008715,School,1295
520,-12.113046,-76.990553,School,1296
521,-12.092529,-76.97345,School,1297
522,-12.093916,-76.949998,School,1298
523,-12.09222,-76.925787,School,1299
524,-12.099209,-76.92152,School,1300
525,-12.101014,-76.920959,School,1301
526,-11.98391,-77.062084,School,1302
527,-11.979613,-77.095212,School,1303
528,-12.151699,-76.951577,School,1304
529,-12.16528,-76.94928,School,1305
530,-12.023763,-77.026746,School,1306
531,-12.024694,-77.048821,School,1307
532,-11.998947,-77.052457,School,1308
533,-11.957569,-77.050299,School,1309
534,-11.916833,-77.057546,School,1310
535,-12.062948,-77.075499,School,1311
536,-11.941174,-77.076624,School,1312
537,-12.088714,-77.020375,School,1313
538,-12.003558,-76.836402,School,1314
539,-12.077404,-77.052754,School,1315
540,-12.061033,-77.05539,School,1316
541,-12.031664,-77.046035,School,1317
542,-12.030523,-77.054464,School,1318
543,-11.995137,-77.064428,School,1319
544,-12.080967,-77.100474,School,1320
545,-12.06185,-77.135763,School,1321
546,-11.98219,-77.072167,School,1322
547,-12.099072,-76.949234,School,1323
548,-12.102791,-76.949042,School,1324
549,-12.084292,-76.927786,School,1325
550,-12.122796,-77.034733,School,1326
551,-12.200063,-76.993218,School,1327
552,-12.187736,-77.004956,School,1328
553,-12.150864,-76.984713,School,1329
554,-12.06478,-77.030061,School,1330
555,-11.958816,-76.987281,School,1331
556,-12.236341,-76.9234,School,1332
557,-12.18432,-76.944808,School,1333
558,-12.191357,-76.945326,School,1334
559,-12.127913,-77.031354,School,1335
560,-11.978745,-76.774387,School,1336
561,-12.094327,-77.069874,School,1337
562,-12.228035,-76.908053,School,1338
563,-12.012067,-76.82012,School,1339
564,-12.018334,-76.818199,School,1340
565,-12.009555,-76.828627,School,1341
566,-12.038986,-76.967631,School,1342
567,-12.062999,-77.028676,School,1343
568,-12.046923,-77.023581,School,1344
569,-12.096306,-77.073289,School,1345
570,-12.010617,-77.068475,School,1346
571,-12.070241,-77.04771,School,1347
572,-12.131891,-76.986067,School,1348
573,-12.16882,-76.999237,School,1349
574,-12.169315,-76.999544,School,1350
575,-12.117123,-77.041615,School,1351
576,-12.122245,-77.032698,School,1352
577,-12.062332,-77.040347,School,1353
578,-12.127736,-76.999334,School,1354
579,-12.083843,-77.024288,School,1355
580,-12.052897,-77.016814,School,1356
581,-12.070481,-76.945079,School,1357
582,-12.054681,-77.075294,School,1358
583,-12.049814,-77.07336,School,1359
584,-12.071811,-77.09896,School,1360
585,-12.071843,-77.099131,School,1361
586,-12.095203,-77.060544,School,1362
587,-12.070561,-77.098128,School,1363
588,-12.071966,-77.049563,School,1364
589,-12.082817,-77.014833,School,1365
590,-12.070661,-77.09863,School,1366
591,-12.078472,-77.067348,School,1367
592,-12.063392,-77.078641,School,1368
593,-12.073887,-77.052436,School,1369
594,-12.079891,-77.037729,School,1370
595,-11.846942,-77.130014,School,1371
596,-11.853429,-77.142839,School,1372
597,-11.840993,-77.1421,School,1373
598,-12.10095,-76.998566,School,1374
599,-11.976335,-77.002755,School,1375
600,-11.976795,-77.003252,School,1376
601,-12.023589,-77.001961,School,1377
602,-12.082295,-77.049342,School,1378
603,-12.080946,-77.055468,School,1379
604,-11.936298,-76.695683,School,1380
605,-12.045592,-76.974068,School,1381
606,-12.204661,-77.002934,School,1382
607,-12.178566,-77.01059,School,1383
608,-12.178743,-77.010426,School,1384
609,-12.166809,-77.019708,School,1385
610,-12.067872,-77.047424,School,1386
611,-12.069891,-77.049652,School,1387
612,-12.031092,-77.028575,School,1388
613,-12.026204,-77.046138,School,1389
614,-12.069696,-77.01654,School,1390
615,-12.043704,-76.989495,School,1391
616,-12.049434,-76.964225,School,1392
617,-12.048216,-76.975443,School,1393
618,-12.066684,-77.014962,School,1394
619,-12.066849,-77.014936,School,1395
620,-12.067749,-77.014643,School,1396
621,-12.072823,-77.032234,School,1397
622,-12.112453,-77.008275,School,1398
623,-12.164285,-77.021379,School,1399
624,-11.962654,-77.080435,School,1400
625,-12.152175,-76.965461,School,1401
626,-12.202036,-76.954912,School,1402
627,-12.139942,-77.005217,School,1403
628,-12.127427,-77.011705,School,1404
629,-12.026376,-76.892716,School,1405
630,-12.065757,-77.044209,School,1406
631,-12.058174,-77.006716,School,1407
632,-12.05555,-77.001666,School,1408
633,-12.029602,-77.046254,School,1409
634,-12.011669,-77.057154,School,1410
635,-11.95397,-77.057196,School,1411
636,-12.025227,-76.918402,School,1412
637,-12.072587,-76.957995,School,1413
638,-12.066713,-77.106573,School,1414
639,-12.0144,-76.999112,School,1415
640,-12.07141,-77.050047,School,1416
641,-12.069404,-77.047172,School,1417
642,-12.152329,-77.018831,School,1418
643,-12.041115,-77.068137,School,1419
644,-12.058832,-77.078258,School,1420
645,-12.145766,-77.02305,School,1421
646,-12.148303,-77.018419,School,1422
647,-12.047523,-76.997027,School,1423
648,-12.02032,-77.099532,School,1424
649,-12.101572,-77.053822,School,1425
650,-12.100602,-77.059493,School,1426
651,-12.097101,-77.047914,School,1427
652,-12.032552,-77.097243,School,1428
653,-12.030733,-77.097368,School,1429
654,-12.13908,-76.971171,School,1430
655,-12.035737,-77.086065,School,1431
656,-12.011284,-76.982675,School,1432
657,-12.05661,-77.053349,School,1433
658,-12.066084,-77.052689,School,1434
659,-12.032068,-77.066985,School,1435
660,-12.031695,-77.073129,School,1436
661,-12.037428,-77.066172,School,1437
662,-12.053537,-77.044448,School,1438
663,-12.034754,-77.050873,School,1439
664,-12.055466,-77.052997,School,1440
665,-12.043475,-77.056148,School,1441
666,-11.916072,-77.035166,School,1442
667,-11.916363,-77.034352,School,1443
668,-11.95198,-77.052752,School,1444
669,-11.94943,-77.081763,School,1445
670,-12.135138,-77.020676,School,1446
671,-12.139343,-77.023111,School,1447
672,-12.181162,-77.001209,School,1448
673,-12.174964,-77.003456,School,1449
674,-12.174403,-76.999264,School,1450
675,-12.103351,-76.97817,School,1451
676,-12.080005,-76.984959,School,1452
677,-12.077871,-76.987238,School,1453
678,-12.07407,-76.994557,School,1454
679,-11.899382,-77.041537,School,1455
680,-12.051387,-76.971183,School,1456
681,-11.963895,-77.061078,School,1457
682,-12.059428,-77.130571,School,1458
683,-11.974469,-76.999161,School,1459
684,-11.993064,-77.015063,School,1460
685,-12.004613,-77.016937,School,1461
686,-12.153257,-76.869553,School,1462
687,-12.114079,-76.873688,School,1463
688,-12.085214,-77.01887,School,1464
689,-12.075561,-77.042748,School,1465
690,-12.077476,-77.067628,School,1466
691,-11.990526,-77.065954,School,1467
692,-11.988316,-77.067457,School,1468
693,-11.926735,-77.073877,School,1469
694,-11.925635,-77.073464,School,1470
695,-11.939661,-76.698439,School,1471
696,-12.003467,-77.109064,School,1472
697,-12.039122,-77.029156,School,1473
698,-12.077881,-77.002554,School,1474
699,-12.050634,-76.977966,School,1475
700,-12.056842,-77.007738,School,1476
701,-12.07253,-76.972086,School,1477
702,-11.948413,-77.071214,School,1478
703,-12.118737,-76.987822,School,1479
704,-12.124916,-76.9825,School,1480
705,-12.036487,-77.029576,School,1481
706,-12.036877,-77.022817,School,1482
707,-12.163582,-77.020493,School,1483
708,-12.14713,-77.015403,School,1484
709,-12.092091,-77.047719,School,1485
710,-12.068577,-77.123563,School,1486
711,-12.069499,-77.126873,School,1487
712,-12.07385,-77.112062,School,1488
713,-12.072122,-77.113474,School,1489
714,-12.069697,-77.116221,School,1490
715,-12.072029,-77.088562,School,1491
716,-12.083025,-77.042098,School,1492
717,-12.077088,-77.024861,School,1493
718,-12.066467,-77.124683,School,1494
719,-12.054939,-77.095308,School,1495
720,-12.05209,-77.088321,School,1496
721,-12.093894,-77.059471,School,1497
722,-12.020376,-77.083495,School,1498
723,-12.026002,-77.08462,School,1499
724,-12.100851,-77.031808,School,1500
725,-12.102066,-77.033091,School,1501
726,-12.106506,-77.030831,School,1502
727,-12.109146,-77.011415,School,1503
728,-12.014387,-77.085539,School,1504
729,-12.143973,-76.986509,School,1505
730,-12.144113,-76.98547,School,1506
731,-12.138251,-76.989654,School,1507
732,-12.150905,-76.970748,School,1508
733,-12.144478,-77.021011,School,1509
734,-12.144583,-77.019681,School,1510
735,-12.14908,-77.018799,School,1511
736,-12.072801,-77.032663,School,1512
737,-12.07681,-77.031981,School,1513
738,-12.076929,-77.035381,School,1514
739,-12.077311,-77.035669,School,1515
740,-12.390073,-76.776532,School,1516
741,-12.390914,-76.776603,School,1517
742,-12.389157,-76.774939,School,1518
743,-12.387966,-76.777634,School,1519
744,-12.360872,-76.798379,School,1520
745,-12.36688,-76.793877,School,1521
746,-12.367317,-76.794359,School,1522
747,-12.038897,-76.931157,School,1523
748,-12.040574,-76.928645,School,1524
749,-12.036919,-76.93267,School,1525
750,-12.042709,-76.933203,School,1526
751,-12.18179,-76.925483,School,1527
752,-12.087342,-77.075473,School,1528
753,-12.08621,-77.077272,School,1529
754,-12.043944,-77.124587,School,1530
755,-12.082879,-77.03164,School,1531
756,-12.096339,-77.053815,School,1532
757,-12.023588,-77.101472,School,1533
758,-12.130536,-76.957789,School,1534
759,-12.189217,-76.948397,School,1535
760,-12.191424,-76.952231,School,1536
761,-12.196434,-76.947087,School,1537
762,-12.049361,-77.012273,School,1538
763,-12.079826,-77.033198,School,1539
764,-12.062751,-77.113533,School,1540
765,-12.063036,-77.11499,School,1541
766,-12.052769,-77.1222,School,1542
767,-12.059233,-77.113124,School,1543
768,-12.060834,-77.106735,School,1544
769,-12.058694,-77.097725,School,1545
770,-12.090688,-77.069549,School,1546
771,-12.024954,-76.913252,School,1547
772,-12.025666,-76.914487,School,1548
773,-11.961877,-76.98265,School,1549
774,-12.032595,-76.956775,School,1550
775,-12.024525,-76.978949,School,1551
776,-12.08056,-76.935326,Hospital,0
777,-12.077555,-76.916337,Hospital,1
778,-12.077555,-76.916337,Hospital,2
779,-12.082384,-76.968988,Hospital,3
780,-12.070364,-76.967566,Hospital,4
781,-12.085025,-76.97716,Hospital,5
782,-12.052711,-77.041963,Hospital,6
783,-12.028524,-77.076463,Hospital,7
784,-12.127158,-77.013495,Hospital,8
785,-11.872915,-77.125724,Hospital,9
786,-12.177766,-76.945502,Hospital,10
787,-12.177766,-76.945502,Hospital,11
788,-12.20371,-76.950268,Hospital,12
789,-11.951363,-77.059356,Hospital,13
790,-11.870332,-77.070557,Hospital,14
791,-11.892633,-77.127639,Hospital,15
792,-12.160672,-76.957118,Hospital,16
793,-12.161134,-76.958792,Hospital,17
794,-12.177766,-76.945502,Hospital,18
795,-12.144143,-76.973577,Hospital,19
796,-12.130243,-76.981031,Hospital,20
797,-12.130243,-76.981031,Hospital,21
798,-12.165497,-76.953226,Hospital,22
799,-12.10031,-76.971125,Hospital,23
800,-12.07111,-77.16643,Hospital,24
801,-12.006369,-77.006313,Hospital,25
802,-11.970829,-76.995232,Hospital,26
803,-11.970829,-76.995232,Hospital,27
804,-11.970829,-76.995232,Hospital,28
805,-12.017294,-77.001071,Hospital,29
806,-12.022758,-77.000873,Hospital,30
807,-12.039843,-76.997227,Hospital,31
808,-12.044686,-76.998065,Hospital,32
809,-12.092142,-77.074231,Hospital,33
810,-12.078274,-77.086809,Hospital,34
811,-12.078274,-77.086809,Hospital,35
812,-12.078274,-77.086809,Hospital,36
813,-12.069576,-77.117976,Hospital,37
814,-12.072233,-77.124382,Hospital,38
815,-12.072233,-77.124382,Hospital,39
816,-11.981544,-77.07218,Hospital,40
817,-12.005747,-77.052474,Hospital,41
818,-12.017477,-77.058067,Hospital,42
819,-12.079893,-77.039398,Hospital,43
820,-12.047134,-77.042479,Hospital,44
821,-12.042445,-76.974725,Hospital,45
822,-12.043567,-76.97517,Hospital,46
823,-12.032111,-77.066517,Hospital,47
824,-12.031218,-77.081568,Hospital,48
825,-12.001862,-77.1073,Hospital,49
826,-11.983645,-77.062899,Hospital,50
827,-11.983645,-77.062899,Hospital,51
828,-11.977677,-77.074271,Hospital,52
829,-11.976781,-77.063302,Hospital,53
830,-11.976781,-77.063302,Hospital,54
831,-12.049179,-77.068664,Hospital,55
832,-12.064025,-77.057893,Hospital,56
833,-12.066788,-77.073181,Hospital,57
834,-12.064025,-77.057893,Hospital,58
835,-12.153017,-76.975122,Hospital,59
836,-12.157762,-76.974844,Hospital,60
837,-12.161379,-76.973275,Hospital,61
838,-12.177447,-76.965886,Hospital,62
839,-12.198331,-76.952506,Hospital,63
840,-12.20371,-76.950268,Hospital,64
841,-12.219091,-76.945509,Hospital,65
842,-12.20371,-76.950268,Hospital,66
843,-12.198331,-76.952506,Hospital,67
844,-12.198331,-76.952506,Hospital,68
845,-12.198331,-76.952506,Hospital,69
846,-12.167289,-76.964965,Hospital,70
847,-12.086498,-77.02764,Hospital,71
848,-12.103399,-77.026207,Hospital,72
849,-12.070875,-77.059317,Hospital,73
850,-12.032369,-76.962412,Hospital,74
851,-12.062734,-77.039266,Hospital,75
852,-12.072507,-77.038396,Hospital,76
853,-12.081379,-77.020143,Hospital,77
854,-12.081379,-77.020143,Hospital,78
855,-12.082957,-77.032727,Hospital,79
856,-12.062048,-76.945308,Hospital,80
857,-12.022894,-77.055389,Hospital,81
858,-11.966313,-77.056399,Hospital,82
859,-11.953812,-77.049272,Hospital,83
860,-11.953812,-77.049272,Hospital,84
861,-11.913971,-77.039525,Hospital,85
862,-11.879687,-77.019867,Hospital,86
863,-12.053976,-77.04814,Hospital,87
864,-12.026567,-76.822596,Hospital,88
865,-12.078274,-77.086809,Hospital,89
866,-12.092142,-77.074231,Hospital,90
867,-12.092142,-77.074231,Hospital,91
868,-12.078274,-77.086809,Hospital,92
869,-12.087805,-77.072422,Hospital,93
870,-12.087805,-77.072422,Hospital,94
871,-12.070561,-77.093362,Hospital,95
872,-12.042956,-77.098693,Hospital,96
873,-11.944327,-77.08753,Hospital,97
874,-12.028134,-77.046369,Hospital,98
875,-12.028134,-77.046369,Hospital,99
876,-12.032369,-76.962412,Hospital,100
877,-12.043567,-76.97517,Hospital,101
878,-12.177766,-76.945502,Hospital,102
879,-12.087944,-77.054682,Hospital,103
880,-12.078274,-77.086809,Hospital,104
881,-12.109709,-77.02737,Hospital,105
882,-12.051836,-77.046044,Hospital,106
883,-12.064025,-77.057893,Hospital,107
884,-12.044985,-77.044013,Hospital,108
885,-12.081379,-77.020143,Hospital,109
886,-12.042956,-77.098693,Hospital,110
887,-12.061763,-77.042509,Hospital,111
888,-11.977677,-77.074271,Hospital,112
889,-11.98778,-77.09902,Hospital,113
890,-12.022219,-77.006413,Hospital,114
891,-11.989792,-77.011026,Hospital,115
892,-11.965937,-77.002427,Hospital,116
893,-11.959784,-76.988667,Hospital,117
894,-11.964664,-76.990649,Hospital,118
895,-11.970829,-76.995232,Hospital,119
896,-11.983311,-77.011464,Hospital,120
897,-12.067429,-77.014005,Hospital,121
898,-12.079766,-77.001779,Hospital,122
899,-12.036049,-77.037701,Hospital,123
900,-12.031578,-77.030829,Hospital,124
901,-11.935852,-77.051615,Hospital,125
902,-11.930155,-77.057024,Hospital,126
903,-11.918637,-77.043718,Hospital,127
904,-11.905544,-77.036029,Hospital,128
905,-11.899205,-77.038696,Hospital,129
906,-11.89596,-77.037782,Hospital,130
907,-12.210271,-76.907281,Hospital,131
908,-11.930155,-77.057024,Hospital,132
909,-11.930155,-77.057024,Hospital,133
910,-12.005747,-77.052474,Hospital,134
911,-12.005747,-77.052474,Hospital,135
912,-12.005747,-77.052474,Hospital,136
913,-11.99762,-77.053952,Hospital,137
914,-11.989343,-77.058933,Hospital,138
915,-11.94034,-77.04665,Hospital,139
916,-11.925215,-77.042859,Hospital,140
917,-11.930155,-77.057024,Hospital,141
918,-11.930155,-77.057024,Hospital,142
919,-11.935852,-77.051615,Hospital,143
920,-11.941786,-77.063105,Hospital,144
921,-11.941786,-77.063105,Hospital,145
922,-11.916084,-77.054718,Hospital,146
923,-11.9294,-77.049933,Hospital,147
924,-11.9294,-77.049933,Hospital,148
925,-11.950983,-77.049945,Hospital,149
926,-11.951363,-77.059356,Hospital,150
927,-11.947192,-77.058935,Hospital,151
928,-11.935852,-77.051615,Hospital,152
929,-11.930155,-77.057024,Hospital,153
930,-12.162077,-76.945306,Hospital,154
931,-12.165497,-76.953226,Hospital,155
932,-12.127158,-77.013495,Hospital,156
933,-12.127158,-77.013495,Hospital,157
934,-12.127158,-77.013495,Hospital,158
935,-12.14535,-76.987906,Hospital,159
936,-12.144143,-76.973577,Hospital,160
937,-12.135469,-76.963501,Hospital,161
938,-12.135469,-76.963501,Hospital,162
939,-12.163072,-76.965297,Hospital,163
940,-12.160672,-76.957118,Hospital,164
941,-12.190479,-76.957289,Hospital,165
942,-12.219091,-76.945509,Hospital,166
943,-12.219091,-76.945509,Hospital,167
944,-12.221659,-76.934038,Hospital,168
945,-11.930155,-77.057024,Hospital,169
946,-11.925215,-77.042859,Hospital,170
947,-12.155444,-77.020797,Hospital,171
948,-12.162155,-77.023816,Hospital,172
949,-12.183889,-77.008213,Hospital,173
950,-12.207803,-77.01227,Hospital,174
951,-12.207803,-77.01227,Hospital,175
952,-12.167124,-77.025873,Hospital,176
953,-12.1928,-76.92751,Hospital,177
954,-12.1928,-76.92751,Hospital,178
955,-12.030717,-76.889161,Hospital,179
956,-12.112153,-77.002835,Hospital,180
957,-12.09054,-77.018503,Hospital,181
958,-12.022506,-77.081158,Hospital,182
959,-12.135469,-76.963501,Hospital,183
960,-12.160191,-77.023523,Hospital,184
961,-11.879687,-77.019867,Hospital,185
962,-11.87391,-77.00857,Hospital,186
963,-11.879687,-77.019867,Hospital,187
964,-11.887336,-77.023187,Hospital,188
965,-11.887336,-77.023187,Hospital,189
966,-11.879687,-77.019867,Hospital,190
967,-11.879687,-77.019867,Hospital,191
968,-11.972221,-77.057362,Hospital,192
969,-11.943912,-77.057938,Hospital,193
970,-11.879687,-77.019867,Hospital,194
971,-11.89596,-77.037782,Hospital,195
972,-11.89596,-77.037782,Hospital,196
973,-11.899205,-77.038696,Hospital,197
974,-11.970829,-76.995232,Hospital,198
975,-11.965937,-77.002427,Hospital,199
976,-11.95532,-76.992105,Hospital,200
977,-12.085377,-77.050247,Hospital,201
978,-12.161379,-76.973275,Hospital,202
979,-12.022758,-77.000873,Hospital,203
980,-11.944327,-77.08753,Hospital,204
981,-12.183889,-77.008213,Hospital,205
982,-12.074491,-77.054854,Hospital,206
983,-12.106298,-77.007236,Hospital,207
984,-12.106576,-76.979627,Hospital,208
985,-12.111898,-76.999302,Hospital,209
986,-12.0228,-77.02811,Hospital,210
987,-11.950983,-77.049945,Hospital,211
988,-12.054064,-77.087553,Hospital,212
989,-12.042956,-77.098693,Hospital,213
990,-12.057644,-77.096642,Hospital,214
991,-12.038127,-77.026314,Hospital,215
992,-12.034377,-77.024504,Hospital,216
993,-12.038127,-77.026314,Hospital,217
994,-12.047523,-77.02192,Hospital,218
995,-12.198331,-76.952506,Hospital,219
996,-12.070875,-77.059317,Hospital,220
997,-12.077112,-77.046467,Hospital,221
998,-12.10031,-76.971125,Hospital,222
999,-12.079767,-77.040219,Hospital,223
1000,-12.070561,-77.093362,Hospital,224
1001,-12.076248,-77.035846,Hospital,225
1002,-12.089398,-77.00738,Hospital,226
1003,-12.085748,-76.992681,Hospital,227
1004,-12.106066,-77.001275,Hospital,228
1005,-12.075441,-77.022943,Hospital,229
1006,-12.070528,-77.01696,Hospital,230
1007,-12.08429,-77.002422,Hospital,231
1008,-12.079766,-77.001779,Hospital,232
1009,-12.076238,-76.989688,Hospital,233
1010,-12.062734,-77.039266,Hospital,234
1011,-12.15246,-76.97223,Hospital,235
1012,-12.150745,-76.988438,Hospital,236
1013,-12.160672,-76.957118,Hospital,237
1014,-12.161379,-76.973275,Hospital,238
1015,-12.085025,-76.97716,Hospital,239
1016,-12.070574,-77.087435,Hospital,240
1017,-12.078274,-77.086809,Hospital,241
1018,-12.087805,-77.072422,Hospital,242
1019,-12.127158,-77.013495,Hospital,243
1020,-12.1103,-77.04008,Hospital,244
1021,-12.103441,-77.029946,Hospital,245
1022,-12.1103,-77.04008,Hospital,246
1023,-12.067335,-77.028893,Hospital,247
1024,-12.093352,-77.035294,Hospital,248
1025,-12.047523,-77.02192,Hospital,249
1026,-12.12836,-77.017943,Hospital,250
1027,-12.088413,-77.033422,Hospital,251
1028,-12.118871,-77.036776,Hospital,252
1029,-11.996181,-77.121017,Hospital,253
1030,-11.879687,-77.019867,Hospital,254
1031,-11.887336,-77.023187,Hospital,255
1032,-11.941532,-76.984825,Hospital,256
1033,-11.937439,-76.971408,Hospital,257
1034,-11.937439,-76.971408,Hospital,258
1035,-12.062943,-77.122928,Hospital,259
1036,-12.064124,-77.121315,Hospital,260
1037,-12.027733,-76.992626,Hospital,261
1038,-12.022758,-77.000873,Hospital,262
1039,-12.004175,-77.006782,Hospital,263
1040,-11.984369,-77.0166,Hospital,264
1041,-11.984369,-77.0166,Hospital,265
1042,-11.984369,-77.0166,Hospital,266
1043,-11.983311,-77.011464,Hospital,267
1044,-11.965937,-77.002427,Hospital,268
1045,-11.965937,-77.002427,Hospital,269
1046,-11.957419,-77.003622,Hospital,270
1047,-11.957459,-76.98928,Hospital,271
1048,-11.937439,-76.971408,Hospital,272
1049,-11.937439,-76.971408,Hospital,273
1050,-11.964664,-76.990649,Hospital,274
1051,-11.98597,-77.0058,Hospital,275
1052,-11.98597,-77.0058,Hospital,276
1053,-11.993242,-77.010506,Hospital,277
1054,-12.00197,-76.995632,Hospital,278
1055,-12.040339,-77.000948,Hospital,279
1056,-12.042956,-77.098693,Hospital,280
1057,-12.042956,-77.098693,Hospital,281
1058,-12.042956,-77.098693,Hospital,282
1059,-12.042956,-77.098693,Hospital,283
1060,-12.025037,-77.100943,Hospital,284
1061,-12.019832,-77.102273,Hospital,285
1062,-11.978779,-77.053094,Hospital,286
1063,-12.07332,-76.991967,Hospital,287
1064,-12.07332,-76.991967,Hospital,288
1065,-12.032111,-77.066517,Hospital,289
1066,-12.032111,-77.066517,Hospital,290
1067,-11.944327,-77.08753,Hospital,291
1068,-11.977677,-77.074271,Hospital,292
1069,-11.989343,-77.058933,Hospital,293
1070,-12.054327,-77.129063,Hospital,294
1071,-12.054327,-77.129063,Hospital,295
1072,-12.042956,-77.098693,Hospital,296
1073,-12.012384,-77.092056,Hospital,297
1074,-11.87391,-77.00857,Hospital,298
1075,-11.989343,-77.058933,Hospital,299
1076,-11.989343,-77.058933,Hospital,300
1077,-11.978779,-77.053094,Hospital,301
1078,-12.079766,-77.001779,Hospital,302
1079,-12.061774,-77.106525,Hospital,303
1080,-12.01564,-77.097628,Hospital,304
1081,-11.957459,-76.98928,Hospital,305
1082,-11.941532,-76.984825,Hospital,306
1083,-11.937439,-76.971408,Hospital,307
1084,-12.070574,-77.087435,Hospital,308
1085,-12.056565,-77.01507,Hospital,309
1086,-12.055729,-77.017972,Hospital,310
1087,-12.052711,-77.041963,Hospital,311
1088,-12.052711,-77.041963,Hospital,312
1089,-12.051836,-77.046044,Hospital,313
1090,-12.050081,-77.042719,Hospital,314
1091,-12.047134,-77.042479,Hospital,315
1092,-11.957419,-77.003622,Hospital,316
1093,-11.957419,-77.003622,Hospital,317
1094,-11.858357,-77.125083,Hospital,318
1095,-11.858357,-77.125083,Hospital,319
1096,-11.858357,-77.125083,Hospital,320
1097,-11.858357,-77.125083,Hospital,321
1098,-11.858357,-77.125083,Hospital,322
1099,-11.858357,-77.125083,Hospital,323
1100,-11.858357,-77.125083,Hospital,324
1101,-11.858357,-77.125083,Hospital,325
1102,-11.855123,-77.122894,Hospital,326
1103,-11.855123,-77.122894,Hospital,327
1104,-11.851788,-77.117876,Hospital,328
1105,-11.851788,-77.117876,Hospital,329
1106,-11.851788,-77.117876,Hospital,330
1107,-11.851788,-77.117876,Hospital,331
1108,-11.855564,-77.125771,Hospital,332
1109,-11.855564,-77.125771,Hospital,333
1110,-11.855564,-77.125771,Hospital,334
1111,-11.855564,-77.125771,Hospital,335
1112,-11.855564,-77.125771,Hospital,336
1113,-11.855123,-77.122894,Hospital,337
1114,-11.980968,-76.942474,Hospital,338
1115,-12.027733,-76.992626,Hospital,339
1116,-12.027733,-76.992626,Hospital,340
1117,-12.027733,-76.992626,Hospital,341
1118,-12.042956,-77.098693,Hospital,342
1119,-12.07475,-77.042941,Hospital,343
1120,-12.077316,-77.042341,Hospital,344
1121,-12.071729,-77.061294,Hospital,345
1122,-12.066788,-77.073181,Hospital,346
1123,-12.066788,-77.073181,Hospital,347
1124,-12.079482,-77.032956,Hospital,348
1125,-12.079482,-77.032956,Hospital,349
1126,-12.114035,-77.028575,Hospital,350
1127,-12.08174,-77.101478,Hospital,351
1128,-12.072233,-77.124382,Hospital,352
1129,-12.072233,-77.124382,Hospital,353
1130,-12.069576,-77.117976,Hospital,354
1131,-12.09251,-77.05939,Hospital,355
1132,-12.087944,-77.054682,Hospital,356
1133,-12.077112,-77.046467,Hospital,357
1134,-11.99431,-76.819119,Hospital,358
1135,-11.97804,-76.77102,Hospital,359
1136,-11.97804,-76.77102,Hospital,360
1137,-11.93475,-76.703506,Hospital,361
1138,-11.934497,-76.693449,Hospital,362
1139,-12.094992,-77.013311,Hospital,363
1140,-12.090461,-77.033411,Hospital,364
1141,-12.094992,-77.013311,Hospital,365
1142,-12.079563,-76.991891,Hospital,366
1143,-12.029348,-76.935867,Hospital,367
1144,-12.143315,-77.016289,Hospital,368
1145,-12.155444,-77.020797,Hospital,369
1146,-12.155444,-77.020797,Hospital,370
1147,-12.114202,-77.028551,Hospital,371
1148,-12.1135,-77.024045,Hospital,372
1149,-12.13275,-76.982801,Hospital,373
1150,-12.138019,-76.984454,Hospital,374
1151,-12.128196,-76.990622,Hospital,375
1152,-12.042804,-77.038778,Hospital,376
1153,-12.081379,-77.020143,Hospital,377
1154,-12.070528,-77.01696,Hospital,378
1155,-12.070528,-77.01696,Hospital,379
1156,-11.885332,-77.127703,Hospital,380
1157,-11.885332,-77.127703,Hospital,381
1158,-11.885332,-77.127703,Hospital,382
1159,-11.83715,-77.108418,Hospital,383
1160,-11.83715,-77.108418,Hospital,384
1161,-11.83715,-77.108418,Hospital,385
1162,-12.01849,-77.03192,Hospital,386
1163,-12.147,-77.015679,Hospital,387
1164,-12.143315,-77.016289,Hospital,388
1165,-12.14535,-76.987906,Hospital,389
1166,-12.14535,-76.987906,Hospital,390
1167,-12.153017,-76.975122,Hospital,391
1168,-12.161379,-76.973275,Hospital,392
1169,-12.161379,-76.973275,Hospital,393
1170,-12.157153,-77.022899,Hospital,394
1171,-12.034794,-77.054808,Hospital,395
1172,-12.034794,-77.054808,Hospital,396
1173,-12.006118,-77.106324,Hospital,397
1174,-12.022506,-77.081158,Hospital,398
1175,-12.028524,-77.076463,Hospital,399
1176,-12.028524,-77.076463,Hospital,400
1177,-11.993535,-77.071918,Hospital,401
1178,-11.993535,-77.071918,Hospital,402
1179,-11.993535,-77.071918,Hospital,403
1180,-12.112153,-77.002835,Hospital,404
1181,-12.106576,-76.979627,Hospital,405
1182,-12.121196,-76.998969,Hospital,406
1183,-12.112153,-77.002835,Hospital,407
1184,-11.842836,-76.38148,Hospital,408
1185,-11.842836,-76.38148,Hospital,409
1186,-11.842836,-76.38148,Hospital,410
1187,-11.842836,-76.38148,Hospital,411
1188,-11.842836,-76.38148,Hospital,412
1189,-11.842836,-76.38148,Hospital,413
1190,-11.842836,-76.38148,Hospital,414
1191,-11.923709,-76.662983,Hospital,415
1192,-11.923709,-76.662983,Hospital,416
1193,-12.032369,-76.962412,Hospital,417
1194,-12.084195,-77.060991,Hospital,418
1195,-11.90831,-77.034635,Hospital,419
1196,-12.07111,-77.16643,Hospital,420
1197,-12.210271,-76.907281,Hospital,421
1198,-12.08429,-77.002422,Hospital,422
1199,-12.130243,-76.981031,Hospital,423
1200,-12.130243,-76.981031,Hospital,424
1201,-12.130243,-76.981031,Hospital,425
1202,-12.106727,-76.971378,Hospital,426
1203,-12.106727,-76.971378,Hospital,427
1204,-12.10031,-76.971125,Hospital,428
1205,-12.085025,-76.97716,Hospital,429
1206,-12.062048,-76.945308,Hospital,430
1207,-12.062048,-76.945308,Hospital,431
1208,-12.060042,-77.128335,Hospital,432
1209,-12.08056,-76.935326,Hospital,433
1210,-12.207803,-77.01227,Hospital,434
1211,-12.082544,-77.055703,Hospital,435
1212,-12.086191,-77.054357,Hospital,436
1213,-12.084195,-77.060991,Hospital,437
1214,-12.081162,-77.057883,Hospital,438
1215,-12.067429,-77.014005,Hospital,439
1216,-12.111898,-76.999302,Hospital,440
1217,-12.106576,-76.979627,Hospital,441
1218,-12.106576,-76.979627,Hospital,442
1219,-12.100188,-76.97136,Hospital,443
1220,-12.087805,-77.072422,Hospital,444
1221,-12.078274,-77.086809,Hospital,445
1222,-12.078274,-77.086809,Hospital,446
1223,-12.078274,-77.086809,Hospital,447
1224,-12.106898,-77.054954,Hospital,448
1225,-12.106926,-77.05494,Hospital,449
1226,-12.108995,-77.049796,Hospital,450
1227,-12.108995,-77.049796,Hospital,451
1228,-12.051836,-77.046044,Hospital,452
1229,-12.061596,-77.090193,Hospital,453
1230,-12.060006,-77.136867,Hospital,454
1231,-12.068406,-77.15809,Hospital,455
1232,-12.05699,-77.026294,Hospital,456
1233,-12.103399,-77.026207,Hospital,457
1234,-11.950983,-77.049945,Hospital,458
1235,-12.029019,-76.926222,Hospital,459
1236,-12.167124,-77.025873,Hospital,460
1237,-12.028524,-77.076463,Hospital,461
1238,-12.01005,-77.04896,Hospital,462
1239,-11.983645,-77.062899,Hospital,463
1240,-11.935852,-77.051615,Hospital,464
1241,-12.198331,-76.952506,Hospital,465
1242,-12.118871,-77.036776,Hospital,466
1243,-12.082341,-77.033375,Hospital,467
1244,-12.051836,-77.046044,Hospital,468
1245,-12.030717,-76.889161,Hospital,469
1246,-12.106576,-76.979627,Hospital,470
1247,-12.054327,-77.129063,Hospital,471
1248,-12.054327,-77.129063,Hospital,472
1249,-12.032369,-76.962412,Hospital,473
1250,-12.032111,-77.066517,Hospital,474
1251,-11.966313,-77.056399,Hospital,475
1252,-11.930155,-77.057024,Hospital,476
1253,-11.899205,-77.038696,Hospital,477
1254,-12.14535,-76.987906,Hospital,478
1255,-12.327203,-76.824979,Hospital,479
1256,-12.228222,-76.85811,Hospital,480
1257,-12.127158,-77.013495,Hospital,481
1258,-12.082548,-77.0232,Hospital,482
1259,-12.085025,-76.97716,Hospital,483
1260,-12.085025,-76.97716,Hospital,484
1261,-12.108609,-77.032721,Hospital,485
1262,-12.024557,-77.027756,Hospital,486
1263,-12.150745,-76.988438,Hospital,487
1264,-12.183889,-77.008213,Hospital,488
1265,-12.106298,-77.007236,Hospital,489
1266,-12.050049,-77.06214,Hospital,490
1267,-12.105706,-77.00754,Hospital,491
1268,-12.155444,-77.020797,Hospital,492
1269,-12.100188,-76.97136,Hospital,493
1270,-12.056772,-77.022013,Hospital,494
1271,-12.027145,-77.011355,Hospital,495
1272,-12.064615,-77.045473,Hospital,496
1273,-12.043567,-76.97517,Hospital,497
1274,-12.027733,-76.992626,Hospital,498
1275,-12.017351,-76.947927,Hospital,499
1276,-12.085748,-76.992681,Hospital,500
1277,-12.110855,-76.983515,Hospital,501
1278,-12.050049,-77.06214,Hospital,502
1279,-12.052711,-77.041963,Hospital,503
1280,-12.103441,-77.029946,Hospital,504
1281,-12.064615,-77.045473,Hospital,505
1282,-12.030545,-77.031842,Hospital,506
1283,-11.991571,-77.06792,Hospital,507
1284,-12.001862,-77.1073,Hospital,508
1285,-12.044686,-76.998065,Hospital,509
1286,-12.052893,-76.951636,Hospital,510
1287,-12.052893,-76.951636,Hospital,511
1288,-12.064814,-76.989791,Hospital,512
1289,-12.07332,-76.991967,Hospital,513
1290,-12.053976,-77.123382,Hospital,514
1291,-12.071729,-77.061294,Hospital,515
1292,-12.072859,-77.059141,Hospital,516
1293,-12.155444,-77.020797,Hospital,517
1294,-12.14535,-76.987906,Hospital,518
1295,-12.127158,-77.013495,Hospital,519
1296,-12.111345,-76.990702,Hospital,520
1297,-12.085025,-76.97716,Hospital,521
1298,-12.091063,-76.9496,Hospital,522
1299,-12.08056,-76.935326,Hospital,523
1300,-12.126864,-76.959383,Hospital,524
1301,-12.126864,-76.959383,Hospital,525
1302,-11.983645,-77.062899,Hospital,526
1303,-11.983937,-77.100029,Hospital,527
1304,-12.149635,-76.942924,Hospital,528
1305,-12.165985,-76.948085,Hospital,529
1306,-12.024557,-77.027756,Hospital,530
1307,-12.028134,-77.046369,Hospital,531
1308,-11.99762,-77.053952,Hospital,532
1309,-11.957568,-77.053342,Hospital,533
1310,-11.916084,-77.054718,Hospital,534
1311,-12.066788,-77.073181,Hospital,535
1312,-11.934867,-77.07257,Hospital,536
1313,-12.09054,-77.018503,Hospital,537
1314,-12.013503,-76.825782,Hospital,538
1315,-12.077881,-77.053126,Hospital,539
1316,-12.064025,-77.057893,Hospital,540
1317,-12.028134,-77.046369,Hospital,541
1318,-12.034794,-77.054808,Hospital,542
1319,-11.989343,-77.058933,Hospital,543
1320,-12.08174,-77.101478,Hospital,544
1321,-12.060075,-77.136113,Hospital,545
1322,-11.981544,-77.07218,Hospital,546
1323,-12.091063,-76.9496,Hospital,547
1324,-12.091063,-76.9496,Hospital,548
1325,-12.08056,-76.935326,Hospital,549
1326,-12.125554,-77.034337,Hospital,550
1327,-12.19369,-76.981804,Hospital,551
1328,-12.18887,-77.00584,Hospital,552
1329,-12.150745,-76.988438,Hospital,553
1330,-12.067335,-77.028893,Hospital,554
1331,-11.959784,-76.988667,Hospital,555
1332,-12.242077,-76.91662,Hospital,556
1333,-12.177766,-76.945502,Hospital,557
1334,-12.198331,-76.952506,Hospital,558
1335,-12.12699,-77.028893,Hospital,559
1336,-11.97804,-76.77102,Hospital,560
1337,-12.092462,-77.07021,Hospital,561
1338,-12.224304,-76.920936,Hospital,562
1339,-12.015652,-76.820575,Hospital,563
1340,-12.015652,-76.820575,Hospital,564
1341,-12.009743,-76.829998,Hospital,565
1342,-12.032369,-76.962412,Hospital,566
1343,-12.067335,-77.028893,Hospital,567
1344,-12.047523,-77.02192,Hospital,568
1345,-12.092142,-77.074231,Hospital,569
1346,-12.009196,-77.073689,Hospital,570
1347,-12.071633,-77.049739,Hospital,571
1348,-12.13275,-76.982801,Hospital,572
1349,-12.170666,-76.993812,Hospital,573
1350,-12.170666,-76.993812,Hospital,574
1351,-12.118871,-77.036776,Hospital,575
1352,-12.124617,-77.030309,Hospital,576
1353,-12.062734,-77.039266,Hospital,577
1354,-12.128196,-76.990622,Hospital,578
1355,-12.082548,-77.0232,Hospital,579
1356,-12.056402,-77.016789,Hospital,580
1357,-12.062048,-76.945308,Hospital,581
1358,-12.055619,-77.08202,Hospital,582
1359,-12.049179,-77.068664,Hospital,583
1360,-12.070561,-77.093362,Hospital,584
1361,-12.070561,-77.093362,Hospital,585
1362,-12.09251,-77.05939,Hospital,586
1363,-12.070561,-77.093362,Hospital,587
1364,-12.071633,-77.049739,Hospital,588
1365,-12.08759,-77.015881,Hospital,589
1366,-12.070561,-77.093362,Hospital,590
1367,-12.084224,-77.065293,Hospital,591
1368,-12.070574,-77.087435,Hospital,592
1369,-12.074491,-77.054854,Hospital,593
1370,-12.079645,-77.03671,Hospital,594
1371,-11.855564,-77.125771,Hospital,595
1372,-11.855564,-77.125771,Hospital,596
1373,-11.855564,-77.125771,Hospital,597
1374,-12.102045,-76.993517,Hospital,598
1375,-11.965937,-77.002427,Hospital,599
1376,-11.965937,-77.002427,Hospital,600
1377,-12.022758,-77.000873,Hospital,601
1378,-12.083838,-77.048991,Hospital,602
1379,-12.082544,-77.055703,Hospital,603
1380,-11.934497,-76.693449,Hospital,604
1381,-12.043567,-76.97517,Hospital,605
1382,-12.207803,-77.01227,Hospital,606
1383,-12.179658,-77.013743,Hospital,607
1384,-12.179658,-77.013743,Hospital,608
1385,-12.165833,-77.01968,Hospital,609
1386,-12.071633,-77.049739,Hospital,610
1387,-12.071633,-77.049739,Hospital,611
1388,-12.031578,-77.030829,Hospital,612
1389,-12.028134,-77.046369,Hospital,613
1390,-12.070528,-77.01696,Hospital,614
1391,-12.039628,-76.991731,Hospital,615
1392,-12.032369,-76.962412,Hospital,616
1393,-12.043567,-76.97517,Hospital,617
1394,-12.066424,-77.015558,Hospital,618
1395,-12.066424,-77.015558,Hospital,619
1396,-12.067429,-77.014005,Hospital,620
1397,-12.072507,-77.038396,Hospital,621
1398,-12.112153,-77.002835,Hospital,622
1399,-12.162155,-77.023816,Hospital,623
1400,-11.944327,-77.08753,Hospital,624
1401,-12.14952,-76.967118,Hospital,625
1402,-12.198331,-76.952506,Hospital,626
1403,-12.14535,-76.987906,Hospital,627
1404,-12.127158,-77.013495,Hospital,628
1405,-12.030717,-76.889161,Hospital,629
1406,-12.064987,-77.045659,Hospital,630
1407,-12.056565,-77.01507,Hospital,631
1408,-12.044686,-76.998065,Hospital,632
1409,-12.028134,-77.046369,Hospital,633
1410,-12.013082,-77.05203,Hospital,634
1411,-11.951363,-77.059356,Hospital,635
1412,-12.025855,-76.919274,Hospital,636
1413,-12.062048,-76.945308,Hospital,637
1414,-12.061774,-77.106525,Hospital,638
1415,-12.012309,-76.999416,Hospital,639
1416,-12.071633,-77.049739,Hospital,640
1417,-12.071633,-77.049739,Hospital,641
1418,-12.155444,-77.020797,Hospital,642
1419,-12.041227,-77.068872,Hospital,643
1420,-12.055619,-77.08202,Hospital,644
1421,-12.155444,-77.020797,Hospital,645
1422,-12.147,-77.015679,Hospital,646
1423,-12.044686,-76.998065,Hospital,647
1424,-12.019832,-77.102273,Hospital,648
1425,-12.098885,-77.05143,Hospital,649
1426,-12.099447,-77.064521,Hospital,650
1427,-12.098885,-77.05143,Hospital,651
1428,-12.042956,-77.098693,Hospital,652
1429,-12.025037,-77.100943,Hospital,653
1430,-12.132771,-76.962412,Hospital,654
1431,-12.042956,-77.098693,Hospital,655
1432,-12.010544,-76.979435,Hospital,656
1433,-12.053976,-77.04814,Hospital,657
1434,-12.064025,-77.057893,Hospital,658
1435,-12.032111,-77.066517,Hospital,659
1436,-12.028524,-77.076463,Hospital,660
1437,-12.038437,-77.063383,Hospital,661
1438,-12.052711,-77.041963,Hospital,662
1439,-12.034794,-77.054808,Hospital,663
1440,-12.053976,-77.04814,Hospital,664
1441,-12.039215,-77.058147,Hospital,665
1442,-11.913971,-77.039525,Hospital,666
1443,-11.913971,-77.039525,Hospital,667
1444,-11.950983,-77.049945,Hospital,668
1445,-11.944327,-77.08753,Hospital,669
1446,-12.12836,-77.017943,Hospital,670
1447,-12.155444,-77.020797,Hospital,671
1448,-12.178671,-77.004298,Hospital,672
1449,-12.178671,-77.004298,Hospital,673
1450,-12.170666,-76.993812,Hospital,674
1451,-12.106576,-76.979627,Hospital,675
1452,-12.079563,-76.991891,Hospital,676
1453,-12.076238,-76.989688,Hospital,677
1454,-12.07332,-76.991967,Hospital,678
1455,-11.899205,-77.038696,Hospital,679
1456,-12.043567,-76.97517,Hospital,680
1457,-11.951363,-77.059356,Hospital,681
1458,-12.060042,-77.128335,Hospital,682
1459,-11.970829,-76.995232,Hospital,683
1460,-11.993242,-77.010506,Hospital,684
1461,-12.004175,-77.006782,Hospital,685
1462,-12.129321,-76.871541,Hospital,686
1463,-12.129321,-76.871541,Hospital,687
1464,-12.081379,-77.020143,Hospital,688
1465,-12.076413,-77.042617,Hospital,689
1466,-12.078274,-77.086809,Hospital,690
1467,-11.990534,-77.066015,Hospital,691
1468,-11.983645,-77.062899,Hospital,692
1469,-11.93308,-77.073331,Hospital,693
1470,-11.93308,-77.073331,Hospital,694
1471,-11.93475,-76.703506,Hospital,695
1472,-12.001862,-77.1073,Hospital,696
1473,-12.038127,-77.026314,Hospital,697
1474,-12.079766,-77.001779,Hospital,698
1475,-12.043567,-76.97517,Hospital,699
1476,-12.056565,-77.01507,Hospital,700
1477,-12.085025,-76.97716,Hospital,701
1478,-11.947192,-77.058935,Hospital,702
1479,-12.115271,-76.995237,Hospital,703
1480,-12.130243,-76.981031,Hospital,704
1481,-12.031578,-77.030829,Hospital,705
1482,-12.034377,-77.024504,Hospital,706
1483,-12.162413,-77.019679,Hospital,707
1484,-12.147,-77.015679,Hospital,708
1485,-12.094225,-77.045513,Hospital,709
1486,-12.072233,-77.124382,Hospital,710
1487,-12.072233,-77.124382,Hospital,711
1488,-12.076485,-77.095738,Hospital,712
1489,-12.069576,-77.117976,Hospital,713
1490,-12.069576,-77.117976,Hospital,714
1491,-12.070574,-77.087435,Hospital,715
1492,-12.077316,-77.042341,Hospital,716
1493,-12.075441,-77.022943,Hospital,717
1494,-12.062943,-77.122928,Hospital,718
1495,-12.057644,-77.096642,Hospital,719
1496,-12.054064,-77.087553,Hospital,720
1497,-12.09251,-77.05939,Hospital,721
1498,-12.022506,-77.081158,Hospital,722
1499,-12.022506,-77.081158,Hospital,723
1500,-12.099329,-77.032466,Hospital,724
1501,-12.103441,-77.029946,Hospital,725
1502,-12.106279,-77.030878,Hospital,726
1503,-12.108892,-77.012035,Hospital,727
1504,-12.01564,-77.097628,Hospital,728
1505,-12.14535,-76.987906,Hospital,729
1506,-12.14535,-76.987906,Hospital,730
1507,-12.138019,-76.984454,Hospital,731
1508,-12.15246,-76.97223,Hospital,732
1509,-12.155444,-77.020797,Hospital,733
1510,-12.143315,-77.016289,Hospital,734
1511,-12.150547,-77.02036,Hospital,735
1512,-12.072507,-77.038396,Hospital,736
1513,-12.079482,-77.032956,Hospital,737
1514,-12.076248,-77.035846,Hospital,738
1515,-12.076248,-77.035846,Hospital,739
1516,-12.38712,-76.776658,Hospital,740
1517,-12.38712,-76.776658,Hospital,741
1518,-12.38712,-76.776658,Hospital,742
1519,-12.388303,-76.778285,Hospital,743
1520,-12.363686,-76.795906,Hospital,744
1521,-12.363686,-76.795906,Hospital,745
1522,-12.363686,-76.795906,Hospital,746
1523,-12.0293,-76.926713,Hospital,747
1524,-12.0293,-76.926713,Hospital,748
1525,-12.029348,-76.935867,Hospital,749
1526,-12.029348,-76.935867,Hospital,750
1527,-12.211079,-76.931852,Hospital,751
1528,-12.087805,-77.072422,Hospital,752
1529,-12.087805,-77.072422,Hospital,753
1530,-12.040875,-77.122306,Hospital,754
1531,-12.081969,-77.031848,Hospital,755
1532,-12.098885,-77.05143,Hospital,756
1533,-12.025037,-77.100943,Hospital,757
1534,-12.126864,-76.959383,Hospital,758
1535,-12.198331,-76.952506,Hospital,759
1536,-12.198331,-76.952506,Hospital,760
1537,-12.198331,-76.952506,Hospital,761
1538,-12.046023,-77.015573,Hospital,762
1539,-12.079482,-77.032956,Hospital,763
1540,-12.061774,-77.106525,Hospital,764
1541,-12.064124,-77.121315,Hospital,765
1542,-12.053976,-77.123382,Hospital,766
1543,-12.061774,-77.106525,Hospital,767
1544,-12.061774,-77.106525,Hospital,768
1545,-12.057644,-77.096642,Hospital,769
1546,-12.08856,-77.068752,Hospital,770
1547,-12.027772,-76.922552,Hospital,771
1548,-12.027772,-76.922552,Hospital,772
1549,-11.962779,-76.989248,Hospital,773
1550,-12.032369,-76.962412,Hospital,774
1551,-12.032369,-76.962412,Hospital,775